Name,Type,Min.,Max.,Default,Short Description
version1,Text,,,eu,Experiment version1 (ee-eu-re-ru)
version2,Text,,,ru,Experiment version2 (ee-eu-re-ru)
wordListNo,Integer,0,1000,0,List of words to be used
countP,Integer,0,30,0,Number of current players
minP,Integer,0,30,12,Minimum number of players
maxP,Integer,0,30,18,Maximum number of players
nRounds,Integer,1,20,9,Number of rounds
rewiringDenom,Integer,1,20,5,Denominator of rewiring fraction
p,Decimal,0,1,0.7,Probability of edge
coc,Integer,10,1000,50,Cost per neighbor
po,Integer,10,1000,100,Payoff
initScore,Integer,0,5000,0,Initial starting score
debugMode1,Boolean,,,false,Skip initial tutorial
